_id,name,age,branch,contact_number,batch_date,email
683182680030d7923729aa63,user19,39,IT,7304042773,2023-05-23,user19@gamil.com
6831817c0030d7923729aa5e,user14,34,Banking,7304042779,2024-01-17,user14@gamil.com
683182950030d7923729aa64,user20,40,Banking,7304042763,2024-01-20,user20@gamil.com
6831823e0030d7923729aa62,user18,38,Banking,7304042777,2024-05-23,user18@gamil.com
683182130030d7923729aa61,user17,37,Analyst,7304042785,2024-05-24,user17@gamil.com
683181d90030d7923729aa60,user16,36,DS,7304042788,2024-06-25,user16@gamil.com
683181ae0030d7923729aa5f,user15,35,IT,7304042793,2024-12-28,user15@gamil.com
683181450030d7923729aa5d,user13,33,CS,7304042789,2025-01-09,user13@gamil.com
683180e50030d7923729aa5b,user11,31,Analyst,7304042763,2025-02-02,user11@gamil.com
683181080030d7923729aa5c,user12,32,IT,7304042769,2025-02-19,user12@gamil.com
68317fd70030d7923729aa57,user07,27,DS,7304042798,2025-03-10,user07@gamil.com
683180b70030d7923729aa5a,user10,30,CS,7304042773,2025-03-25,user10@gamil.com
683180650030d7923729aa58,user08,28,Analyst,7304042754,2025-03-28,user08@gamil.com
68317ebe0030d7923729aa55,user05,25,IT,7304042776,2025-04-01,user05@gamil.com
68317faf0030d7923729aa56,user06,26,CS,7304042775,2025-04-18,user06@gamil.com
6831808e0030d7923729aa59,user09,29,IT,7304042746,2025-04-21,user09@gamil.com
